1,1,1,Yubraj,Khadka,Yubraj Khadka,6/15/1996,,110,,113,121,apfYubraj Khadka.jpeg,,,,,,createdDate,createdBy
2,2,1,Santosh,Shrestha,Santosh Shrestha,8/4/1988,,110,,113,121,apfSantosh Shrestha.jpeg,,,,,,12/16/2019,Admin
3,3,1,Shyam Kumar,Nepali,Shyam Kumar Nepali,9/13/1992,,110,,113,121,apfShyam K 113i.jpeg,,,,,,12/16/2019,Admin
4,4,1,Ram Kumar,Kumal,Ram Kumar Kumal,9/10/1994,,110,141,113,121,apfRam K Kumal.jpeg,,,,,,12/16/2019,Admin
5,5,1,Amrit Kumar,Chaudhary,Amrit Kumar Chaudhary,1/18/1993,,110,139,113,121,apfAmrit K Chaudhary.jpeg,,,,,,12/16/2019,Admin
6,6,1,Prabin Kumar,Syangtan,Prabin Kumar Syangtan,3/15/1993,,110,142,113,121,apfPrabin K Syangtan.jpeg,1,,,,,12/16/2019,Admin
7,7,1,Sudip,Shikhrakar,Sudip Shikhrakar,9/21/1989,,110,140,113,121,apfSudip Shikhrakar.jpeg,,,,,,12/16/2019,Admin
8,8,1,Milan,Rai,Milan Rai,11/4/1980,,110,,113,121,apfMilan Rai.jpeg,,,,,,12/16/2019,Admin
9,9,1,Nabin ,Lama,Nabin  Lama,3/25/1992,,110,141,113,121,apfNabin Lama.jpeg,,,,,,12/16/2019,Admin
10,10,1,Hari,Karki,Hari Karki,11/16/1993,,110,,113,121,apfHari Karki.jpeg,,,,,,12/16/2019,Admin
11,11,1,Bikey,Tamang,Bikey Tamang,6/25/1993,,110,,113,121,apfBikey Tamang.jpeg,,,,,,12/16/2019,Admin
12,12,1,Birendra Prakash,Yadav,Birendra Prakash Yadav,11/9/1997,,110,,113,121,apfBirendra P Yadav.jpeg,,,,,,12/16/2019,Admin
13,13,1,Raju,Yogi,Raju Yogi,11/18/1986,,110,,113,121,apfRaju Yogi.jpeg,,,,,,12/16/2019,Admin
14,14,1,Ramesh,Dangal,Ramesh Dangal,2/5/1988,,110,140,113,121,apfRamesh Dangal.jpeg,,,,,,12/16/2019,Admin
15,15,1,Rajiv,Lopchan,Rajiv Lopchan,4/2/2002,,110,141,113,121,apfRajiv Lopchan.jpeg,,,,,,12/16/2019,Admin
16,16,1,Biswas,Udas,Biswas Udas,1/16/2000,,110,,113,121,apfBiswas Udas.jpeg,,,,,,12/16/2019,Admin
17,17,1,Niraj,Chaudhary,Niraj Chaudhary,7/21/2002,,110,,113,121,apfNiraj Chaudhary.jpeg,,,,,,12/16/2019,Admin
18,18,1,Top Bahadur,Bista (Captain),Top Bahadur Bista (Captain),2/13/1988,,110,140,113,121,apfTop B Bista.jpeg,,,,,,12/16/2019,Admin
19,19,1,Santosh Kumar,Katuwal,Santosh Kumar Katuwal,1/27/1993,,110,,113,121,apfSantosh K Katuwal.jpeg,,,,,,12/16/2019,Admin
20,20,1,Raman,Rasaili,Raman Rasaili,8/23/1994,,110,,113,121,apfRaman Rasaili.jpeg,,,,,,12/16/2019,Admin
21,21,1,Aashish,Lama,Aashish Lama,12/1/1996,,110,141,113,121,apfAashish Lama.jpeg,,1,,,,12/16/2019,Admin
22,22,1,Rabi,Thing,Rabi Thing,9/3/1996,,110,,113,121,apfRabi Thing.jpeg,,,,,,12/16/2019,Admin
23,23,1,Rajan,Gurung,Rajan Gurung,4/15/2000,,110,140,113,121,apfRajan Gurung.jpeg,,,,,,12/16/2019,Admin
24,24,1,Buddhiman,Rai,Buddhiman Rai,3/23/1998,,110,141,113,121,apfBuddhiman Rai.jpeg,,,,,,12/16/2019,Admin
25,25,1,Pradip,Lama,Pradip Lama,10/1/1998,,110,,113,121,apfPradip Lama.jpeg,,,,,,12/16/2019,Admin
26,26,1,Akash,Budha Magar,Akash Budha Magar,2/14/2002,,110,,113,121,apfAkash Budha Magar.jpeg,,,,,,12/16/2019,Admin
27,27,1,Prakash,Pun,Prakash Pun,5/26/2000,,110,,113,121,apfPrakash Pun.jpeg,,,,,,12/16/2019,Admin
28,28,1,Rohit,Thapa,Rohit Thapa,11/4/1992,,110,,113,121,apfRohit Thapa.jpeg,,,,,,12/16/2019,Admin
29,29,1,Mani Kumar,Lama,Mani Kumar Lama,3/24/1996,,110,,113,121,apfMani K Lama.jpeg,,,,,,12/16/2019,Admin
30,30,1,Man Bahadur,Rana Magar,Man Bahadur Rana Magar,11/22/1993,,110,,113,121,apfMan B Rana Magar.jpeg,,,,,,12/16/2019,Admin
31,31,1,Amit,Lama,Amit Lama,11/21/1999,,110,,113,121,apfAmit Lama.jpeg,,,,,,12/16/2019,Admin
32,32,1,Bikash,Lama,Bikash Lama,7/23/1997,,110,,113,121,apfBikash Lama.jpeg,,,,,,12/16/2019,Admin
33,33,2,Birjesh,Chaudhary,Birjesh Chaudhary,7/9/2002,,110,142,113,121,bbcBirjesh Chaudhary.jpeg,,,,,,12/16/2019,Admin
34,34,2,Jeevan,Bhattarai,Jeevan Bhattarai,3/30/2000,,110,139,113,121,bbcJeevan Bhattarai.jpeg,,,,,,12/16/2019,Admin
35,35,2,Anjal,Maharjan,Anjal Maharjan,2/4/2002,,110,140,113,121,bbcAnjal Maharjan.jpeg,,,,,,12/16/2019,Admin
36,36,2,Dipenk,Raj Singh,Dipenk Raj Singh,9/30/1996,,110,140,113,121,bbcDipenk R Singh.jpeg,,,,,,12/16/2019,Admin
37,37,2,Jaya,Gurung,Jaya Gurung,11/30/2002,,110,141,113,121,bbcJaya Gurung.jpeg,1,,,,,12/16/2019,Admin
38,38,2,Manoj,Rai,Manoj Rai,3/16/1995,,110,140,113,121,bbcManoj Rai.jpeg,,1,,,,12/16/2019,Admin
39,39,2,Padam,Bhattarai,Padam Bhattarai,1/8/2002,,110,140,113,121,bbcPadam Bhattarai.jpeg,,,,,,12/16/2019,Admin
40,40,2,Rajat,Tiwari,Rajat Tiwari,7/11/2001,,110,141,113,121,bbcRajat Tiwari.jpeg,,,,,,12/16/2019,Admin
41,41,2,Ritik Kumar,Khadka,Ritik Kumar Khadka,4/23/2001,,110,141,113,121,bbcRitik K Khadka.jpeg,,,,,,12/16/2019,Admin
42,42,2,Roshan,Dong,Roshan Dong,9/13/2002,,110,140,113,121,bbcRoshan Dong.jpeg,,,,,,12/16/2019,Admin
43,43,2,Roshan,Rana Magar,Roshan Rana Magar,10/19/2002,,110,141,113,121,bbcRoshan Rana Magar.jepg,1,,,,,12/16/2019,Admin
44,44,2,Bishal,Sunar,Bishal Sunar,2/9/2002,,110,139,113,121,bbcBishal Sunar.jpeg,,,1,,,12/16/2019,Admin
45,45,2,Prithivi,Chaudhary,Prithivi Chaudhary,4/4/2002,,110,140,113,121,bbcPrithivi Chaudhary.jpeg,,1,,,,12/16/2019,Admin
46,46,2,Subit,Karki,Subit Karki,8/30/1994,,110,140,113,121,bbcSubit Karki.jpeg,,,,,,12/16/2019,Admin
47,47,2,Raju,Shrestha,Raju Shrestha,4/17/1999,,110,142,113,121,bbcRaju Shrestha.jpeg,,,,,,12/16/2019,Admin
48,48,2,Bijay,Gurung,Bijay Gurung,10/11/1985,,110,141,113,121,bbcBijaya Gurung.jpeg,,,,,,12/16/2019,Admin
49,49,2,Rabindra,Basnet,Rabindra Basnet,1/12/1991,,110,140,113,121,bbcRabindra Basnet.jpeg,,,,,,12/16/2019,Admin
50,50,2,Tajudeen Adekunle,Busari,Tajudeen Adekunle Busari,12/3/1991,,110,140,120,121,bbcTajudeen A Busari.jpeg,,,,,,12/16/2019,Admin
51,51,2,Randip,Paudel,Randip Paudel,10/6/2002,,110,140,113,121,bbcRandip Paudel.jpeg,,,,,1,12/16/2019,Admin
52,52,2,Shishir,Lekhi,Shishir Lekhi,1/27/2002,,110,141,113,121,bbcShishir Lekhi.jpeg,,,,,,12/16/2019,Admin
53,53,2,Anil,Gurung (Captain),Anil Gurung (Captain),9/17/1986,,110,142,113,121,bbcAnil Gurung.jpeg,,,,,,12/16/2019,Admin
54,54,2,Uttam,Gurung,Uttam Gurung,1/11/1991,,110,141,113,121,bbcUttam Gurung.jpeg,,,,,,12/16/2019,Admin
55,55,3,Junichi,Ozawa,Junichi Ozawa,8/18/1991,,110,,113,121,cycJunichi Ozawa.jpeg,,,,,,12/16/2019,Admin
56,56,3,Hayato,Wakino,Hayato Wakino,4/10/1993,,110,142,113,121,cycHayto Wakino.jpeg,,,,,1,12/16/2019,Admin
57,57,3,Taiga,Nakamura,Taiga Nakamura,9/22/1995,,110,140,113,121,cycTaiga Nakamura.jpeg,,,,,,12/16/2019,Admin
58,58,3,Sanjaya,Rajbahak,Sanjaya Rajbahak,3/29/1994,,110,140,113,121,cycSanjaya RajBahak.jpeg,,1,,,,12/16/2019,Admin
59,59,3,Abishek,Baral,Abishek Baral,4/9/2000,,110,139,113,121,cycAbishek Baral.jpeg,,,,,,12/16/2019,Admin
60,60,3,Sunil,Bal,Sunil Bal,1/1/1998,,110,141,113,121,cycSunil Bal.jpeg,,,,,,12/16/2019,Admin
61,61,3,Alan,Neupane,Alan Neupane,6/24/1996,,110,139,113,121,cycAlan Neupane.jpeg,,,1,,,12/16/2019,Admin
62,62,3,Jenish,Prajapati,Jenish Prajapati,9/21/2000,,110,142,113,121,cycJenish Prajapati.jpeg,,,,,,12/16/2019,Admin
63,63,3,Purna Bahadur,Gurung,Purna Bahadur Gurung,2/24/1998,,110,,113,121,cycPurna B Gurung .jpeg,,,,,,12/16/2019,Admin
64,64,3,Dinesh,Rajbanshi,Dinesh Rajbanshi,4/4/1998,,110,140,113,121,cycDinesh Rajbhanshi.jpeg,,,,,,12/16/2019,Admin
65,65,3,Nitin,Thapa,Nitin Thapa,2/7/2002,,110,141,113,121,cycNitin Thapa.jpeg,,,,,,12/16/2019,Admin
66,66,3,Susan,Lama,Susan Lama,9/21/2000,,110,,113,121,cycSusan Lama .jpeg,,,,,,12/16/2019,Admin
67,67,3,Karma,Sherpa,Karma Sherpa,12/27/2002,,110,,113,121,cycKarma Sherpa.jpeg,,,,,,12/16/2019,Admin
68,68,3,Abishek,Limbu,Abishek Limbu,12/13/1994,,110,140,113,121,cycAbishek Limbu.jpeg,,,,,,12/16/2019,Admin
69,69,3,Amir,Shrestha,Amir Shrestha,12/30/1991,,110,141,113,121,cycAmir Shrestha.jpeg,,1,,,1,12/16/2019,Admin
70,70,3,Chetan,Kumar Tharu,Chetan Kumar Tharu,2/17/1991,,110,,113,121,cycChetan K Tharu.jpeg,,,,,,12/16/2019,Admin
71,71,3,Gaurab,Budhathoki,Gaurab Budhathoki,2/14/1998,,110,140,113,121,cycGaurab Budhathoki.jpeg,,,,,,12/16/2019,Admin
72,72,3,Hemant,Thapa Magar,Hemant Thapa Magar,1/7/1998,,110,141,113,121,cycHemant T Magar.jpeg,,,,,,12/16/2019,Admin
73,73,3,Narendra,Chaudhary,Narendra Chaudhary,5/18/1997,,110,140,113,121,cycNarendra Chaudhary.jpeg,,,,,,12/16/2019,Admin
74,74,3,Santosh,Mahat,Santosh Mahat,1/21/2002,,110,140,113,121,cycSantosh Mahat .jpeg,,,,,,12/16/2019,Admin
75,75,3,Santosh,Shahukhala (Captiain),Santosh Shahukhala (Captiain),1/10/1988,,110,142,113,121,cycSantosh Shahukhala.jpeg,3,,,,,12/16/2019,Admin
76,76,3,Sunil,Khadka,Sunil Khadka,11/7/1994,,110,,113,121,cycSunil Khadka.jpeg,,,,,,12/16/2019,Admin
77,77,3,Sunny,Byanjankar,Sunny Byanjankar,4/20/2001,,110,,113,121,cycSunny Byanjankar.jpeg,,,,,,12/16/2019,Admin
78,78,3,Tshring,Gurung,Tshring Gurung,2/21/1998,,110,,113,121,cycTshring Gurung.jpeg,,,,,,12/16/2019,Admin
79,79,3,Sushil Kumar,Yadav,Sushil Kumar Yadav,10/5/1998,,110,,113,121,cycSushil K Yadav.jpeg,,,,,,12/16/2019,Admin
80,80,4,Prezen,Tamang,Prezen Tamang,7/14/2000,,110,,113,121,fcPrezen Tamang.jpeg,,,,,,12/16/2019,Admin
81,81,4,Sojit,Gurung,Sojit Gurung,1/28/2000,,110,139,113,121,fcSojit Gurung.jpeg,,,,,,12/16/2019,Admin
82,82,4,Aashish,Kc,Aashish Kc,1/1/2000,,110,,113,121,fcAashish Kc.jpeg,,,,,,12/16/2019,Admin
83,83,4,Asim,Bhusal,Asim Bhusal,3/14/2002,,110,,113,121,fcAsim Bhusal.jpeg,,,,,,12/16/2019,Admin
84,84,4,Bikash,Lama,Bikash Lama,5/30/1996,,110,142,113,121,fcBikash Lama.jpeg,,,,,,12/16/2019,Admin
85,85,4,Felipe Martins De,Sauza,Felipe Martins De Sauza,12/26/1977,Sao Paulo,110,141,120,121,fcFelipe D M  Sauza.jpeg,,,,,1,12/16/2019,Admin
86,86,4,Dev,Limbu,Dev Limbu,2/28/1998,,110,139,113,121,fcDev Limbu.jpeg,,,,,,12/16/2019,Admin
87,87,4,Rumesh,Bartaula,Rumesh Bartaula,3/7/2000,,110,142,113,121,fcRumesh Bartaula.jpeg,,,,,,12/16/2019,Admin
88,88,4,Sanish,Shrestha,Sanish Shrestha,11/9/2000,,110,140,113,121,fcSanish Shrestha.jpeg,,,,,,12/16/2019,Admin
89,89,4,Sanjog,Maharjan,Sanjog Maharjan,5/8/1995,,110,142,113,121,fcSanjog Maharjan.jpeg,,,,,,12/16/2019,Admin
90,90,4,Saroj,Yonjan Lama,Saroj Yonjan Lama,11/17/1993,,110,140,113,121,fcSaroj Y Lama.jpeg,,,,,,12/16/2019,Admin
91,91,4,Sudans,Mahato,Sudans Mahato,8/7/1998,,110,,113,121,fcSudans Mahato.jpeg,,,,,,12/16/2019,Admin
92,92,4,Shakti,Rai,Shakti Rai,9/21/1990,,110,142,113,121,fcShakti Rai.jpeg,1,,,,,12/16/2019,Admin
93,93,4,Raj,Kandangwa,Raj Kandangwa,3/21/1994,,110,141,113,121,fcRaj Kandangwa.jpeg,,,,,,12/16/2019,Admin
94,94,4,Yadu,Silwal,Yadu Silwal,8/12/1998,,110,142,113,121,fcYadu Silwal.jpeg,,,,,,12/16/2019,Admin
95,95,4,Nisen,Subba,Nisen Subba,3/27/2003,,110,142,113,121,fcNisen Subba.jpeg,,,,,,12/16/2019,Admin
96,96,4,Sujan,Pulami,Sujan Pulami,1/18/2002,,110,140,113,121,fcSujan Pulami.jpeg,,,,,,12/16/2019,Admin
97,97,4,Mahesh,Shah,Mahesh Shah,2/11/2003,,110,142,113,121,fcMahesh Shah.jpeg,,,,,,12/16/2019,Admin
98,98,4,Ajit,Magar,Ajit Magar,3/4/2000,,110,140,113,121,fcAjit Magar.jpeg,,,,,,12/16/2019,Admin
99,99,4,Bicky,Thapa,Bicky Thapa,7/6/1989,,110,141,113,121,fcBicky Thapa.jpeg,,,,,,12/16/2019,Admin
100,100,4,Bishow,Adhikari,Bishow Adhikari,5/2/1993,,110,141,113,121,fcBishow Adhikari.jpeg,,,,,,12/16/2019,Admin
101,101,4,Anil,Maharjan,Anil Maharjan,4/9/2002,,110,141,113,121,fcAnil Maharjan.jpeg,,,,,,12/16/2019,Admin
102,102,5,Khamir Glison,Kandangwa,Khamir Glison Kandangwa,3/6/1993,,110,,113,121,hycKhamir G Kandangwa.jpeg,,,,,,12/16/2019,Admin
103,103,5,Rabi,Thapa Magar,Rabi Thapa Magar,2/23/1993,,110,,113,121,hycRabi T Magar.jpeg,,,,,,12/16/2019,Admin
104,104,5,Kshitiz,Khadka,Kshitiz Khadka,3/23/1997,,110,,113,121,hycKshitiz Khadka.jpeg,,,,,,12/16/2019,Admin
105,105,5,Kailash,Basnet,Kailash Basnet,2/17/2000,,110,,113,121,hycKailash Basnet.jpeg,,,,,,12/16/2019,Admin
106,106,5,Chiring,Tamang Lama,Chiring Tamang Lama,4/7/2002,,110,,113,121,hycChiring T Lama.jpeg,,,,,,12/16/2019,Admin
107,107,5,Ashish,Gurung,Ashish Gurung,4/15/1996,,110,,113,121,hycAshish Gurung.jpeg,,1,,,,12/16/2019,Admin
108,108,5,Kishor,Giri,Kishor Giri,12/14/1995,,110,139,113,121,hycKishor Giri.jpeg,,1,,,,12/16/2019,Admin
109,109,5,Bishwash,Shrestha,Bishwash Shrestha,4/10/1997,,110,,113,121,hycBishwash Shrestha.jpeg,,,,,,12/16/2019,Admin
110,110,5,Diwash,Urau,Diwash Urau,8/23/1998,,110,,113,121,hycDiwash Urau.jpeg,,,,,,12/16/2019,Admin
111,111,5,Niraj,Basnet,Niraj Basnet,9/20/1995,,110,,113,121,hycNiraj Basnet.jpeg,,,,,,12/16/2019,Admin
112,112,5,Bikash,Rai,Bikash Rai,12/12/1988,,110,,113,121,hycBikash Rai.jpeg,,,,,,12/16/2019,Admin
113,113,5,Binod,Gurung,Binod Gurung,5/14/1996,,110,,113,121,hycBinod Gurung.jpeg,,,,,,12/16/2019,Admin
114,114,5,Chop Bahadur,Uchai,Chop Bahadur Uchai,2/21/2000,,110,,113,121,hycChop B Uchai.jpeg,,,,,,12/16/2019,Admin
115,115,5,Abhimanyu,Poudel,Abhimanyu Poudel,12/30/2000,,110,,113,121,hycAbhimanyu Poudel.jpeg,,,,,,12/16/2019,Admin
116,116,5,Suraj,Hamal,Suraj Hamal,1/2/1997,,110,,113,121,hycSuraj Hamal.jpeg,,,,,,12/16/2019,Admin
117,117,5,Ulrich,Siewe,Ulrich Siewe,2/17/1996,,110,,120,121,hycUlrich Siewe.jpeg,,,,,2,12/16/2019,Admin
118,118,5,Stephane Samir Dieu Beni,Binong,Stephane Samir Dieu Beni Binong,8/7/1997,,110,,113,121,hycStephane S D B Binong.jpeg,,,,,S,12/16/2019,Admin
119,119,5,Sunil,Lama,Sunil Lama,6/11/2000,,110,,113,121,hycSunil Lama.jpeg,,,,,,12/16/2019,Admin
120,120,5,Nirajan,Gurung,Nirajan Gurung,5/18/1994,,110,,113,121,hycNirajan Gurung.jpeg,,,,,,12/16/2019,Admin
121,121,5,Bishal,Shrestha,Bishal Shrestha,8/13/2000,,110,,113,121,hycBishal Shrestha.jpeg,,,,,,12/16/2019,Admin
122,122,5,Roshan,Thakuri,Roshan Thakuri,12/17/1997,,110,,113,121,hycRoshan Thakuri.jpeg,,,,,,12/16/2019,Admin
123,123,5,Samundra,Pudasaini,Samundra Pudasaini,8/10/2000,,110,,113,121,hycSamundra Pudasaini.jpeg,,,,,,12/16/2019,Admin
124,124,5,Man Bahadur,Tamang (Captain),Man Bahadur Tamang (Captain),3/3/1994,,110,,113,121,hycMan B Tamang.jpeg,,,,,,12/16/2019,Admin
125,125,5,Bijaya,Shrestha,Bijaya Shrestha,2/2/1999,,110,,113,121,hycBijaya Shrestha.jpeg,,,,,,12/16/2019,Admin
126,126,5,Tridev,Gurung,Tridev Gurung,7/20/1996,,110,,113,121,hycTridev Gurung.jpeg,1,,,,,12/16/2019,Admin
127,127,5,Bhison,Gurung,Bhison Gurung,3/17/1996,,110,,113,121,hycBhison Gurung.jpeg,,,,,,12/16/2019,Admin
128,128,5,Sanjay,Dhimal,Sanjay Dhimal,8/17/2000,,110,,113,121,hycSanjay Dhimal.jpeg,,,,,,12/16/2019,Admin
129,129,6,Fode,Fofana,Fode Fofana,10/12/1996,,110,,120,121,jycFode Fofana.jpeg,,,,,,12/16/2019,Admin
130,130,6,Gautam,Shrestha,Gautam Shrestha,2/21/2000,,110,,113,121,jycGautam Shrestha.jpeg,,,,,,12/16/2019,Admin
131,131,6,Kuldip,Karki,Kuldip Karki,1/16/1992,,110,,113,121,jycKuldip Karki.jpeg,,,,,,12/16/2019,Admin
132,132,6,Suraj Jeu,Thakuri,Suraj Jeu Thakuri,12/19/2000,,110,,113,121,jycSuraj Jeu Thakuri.jpeg,,,,,,12/16/2019,Admin
133,133,6,Tekendra,Thapa,Tekendra Thapa,8/18/1994,,110,,113,121,jycTekendra Thapa.jpeg,,,,,,12/16/2019,Admin
134,134,6,Aruj,Singh,Aruj Singh,10/5/1999,,110,,113,121,jycAruj Singh.jpeg,,,,,1,12/16/2019,Admin
135,135,6,Suraj,Ghimire,Suraj Ghimire,2/23/1995,,110,,113,121,jycSurajGhimire.jpeg,,,,,,12/16/2019,Admin
136,136,6,Dady junior,Wamba,Dady junior Wamba,1/20/1998,,110,,120,121,jycDady J Wamba.jpeg,2,,,,1,12/16/2019,Admin
137,137,6,Dilan,Loktam,Dilan Loktam,9/19/1986,,110,,113,121,jycDilan Loktam.jpeg,,,,,,12/16/2019,Admin
138,138,6,Sameer,Karki,Sameer Karki,5/31/1992,,110,,113,121,jycSameer Karki.jpeg,,,,,,12/16/2019,Admin
139,139,6,Bijay,Ghalan,Bijay Ghalan,10/2/1992,,110,,113,121,jycBijay Ghalan .jpeg,,,,,,12/16/2019,Admin
140,140,6,Bimal,Ghising,Bimal Ghising,6/19/2000,,110,,113,121,jycBimal Ghising.jpeg,,,,,,12/16/2019,Admin
141,141,6,Manish,Paudel,Manish Paudel,8/11/1999,,110,,113,121,jycManish Paudel.jpeg,,,,,,12/16/2019,Admin
142,142,6,Gaurab,Shrestha,Gaurab Shrestha,10/20/1996,,110,,113,121,jycGaurab Shrestha.jpeg,,,,,,12/16/2019,Admin
143,143,6,Abisek,Waiba,Abisek Waiba,2/10/2004,,110,,113,121,jycAbisek Waiba.jpeg,,,,,,12/16/2019,Admin
144,144,6,Arun,Blon,Arun Blon,5/1/1998,,110,,113,121,jycArun Blon.jpeg,,,,,,12/16/2019,Admin
145,145,6,Sujit,Budhathoki,Sujit Budhathoki,10/26/1995,,110,,113,121,jycSujit Budhathoki.jpeg,,,,,,12/16/2019,Admin
146,146,6,Yogya,Pradhan,Yogya Pradhan,6/30/1998,,110,,113,121,jycYogya Pradhan.jpeg,,,,,,12/16/2019,Admin
147,147,6,Bishal,Tamang,Bishal Tamang,9/3/1998,,110,,113,121,jycBishal Tamang.jpeg,,,,,,12/16/2019,Admin
148,148,6,Nir Bahadur,Ale,Nir Bahadur Ale,7/12/1992,,110,,113,121,jycNir Bahadur Ale.jpeg,,,,,,12/16/2019,Admin
149,149,6,Rajeev,Dhungana,Rajeev Dhungana,11/11/1994,,110,,113,121,jycRajeev Dhungana.jpeg,,,,,,12/16/2019,Admin
150,150,6,Rup Bahadur,Lama,Rup Bahadur Lama,6/18/1994,,110,,113,121,jycRup B Lama.jpeg,,,,,,12/16/2019,Admin
151,151,6,Sushil Kumar,Yadav,Sushil Kumar Yadav,8/11/1994,,110,,113,121,jycSushil K Yadav.jpeg,,,,,,12/16/2019,Admin
152,152,6,Adama,Doumbia,Adama Doumbia,2/28/1997,,110,,120,121,jycAdama Doumbia.jpeg,,,,,,12/16/2019,Admin
153,153,6,Hari,Kathayat,Hari Kathayat,7/13/1990,,110,,113,121,jycHari Kathayat.jpeg,,,,,,12/16/2019,Admin
154,154,7,Andres,Nia Tchounkeu,Andres Nia Tchounkeu,2/8/1995,,110,,120,121,mcAndres.jpeg,,,,,,12/16/2019,Admin
155,155,7,Ranjit,Dhimal,Ranjit Dhimal,4/4/1991,Morang,110,140,113,121,mcRanjit Dhimal.jpeg,,1,,,,12/16/2019,Admin
156,156,7,Buddha Raj,Limbu,Buddha Raj Limbu,9/12/1984,Jhapa,110,141,113,121,mcBuddhaChemjong.jpeg,,,,,,12/16/2019,Admin
157,157,7,Peter,Segun,Peter Segun,6/30/1993,Morang,110,140,120,121,mcPeter Segun.jpeg,1,,,,,12/16/2019,Admin
158,158,7,Bijay,Dhimal,Bijay Dhimal,10/4/1986,Morang,110,140,113,121,mcBijay Dhimal.jpeg,,,,,,12/16/2019,Admin
159,159,7,Abhishek,Rijal,Abhishek Rijal,1/29/2000,,110,142,113,121,mcAbhishek Rijal.jpeg,,,,,,12/16/2019,Admin
160,160,7,Rejin,Subba,Rejin Subba,2/5/2002,,110,142,113,121,mcRejin Subba.jpeg,1,,,,,12/16/2019,Admin
161,161,7,Biraj,Maharjan(Captain),Biraj Maharjan(Captain),9/18/1990,Kathmandu,110,140,113,121,mcBiraj Maharjan.jpeg,,,,,,12/16/2019,Admin
162,162,7,Bishal,Rai,Bishal Rai,9/22/1993,Jhapa,110,141,113,121,mcBishalRai.jpeg,,2,,,,12/16/2019,Admin
163,163,7,Dipak,Rai,Dipak Rai,9/10/1988,Jhapa,110,142,113,121,mcDipak Rai.jpeg,1,,,,,12/16/2019,Admin
164,164,7,Heman,Gurung,Heman Gurung,10/1/1995,,110,141,113,121,mcHeman Gurung.jpeg,,,,,,12/16/2019,Admin
165,165,7,Sujal,Shrestha,Sujal Shrestha,2/4/1993,Hetauda,110,141,113,121,mcSujal Shrestha.jpeg,,,,,,12/16/2019,Admin
166,166,7,Bishal,Shrestha,Bishal Shrestha,9/12/1990,Kathmandu,110,139,113,121,mcBishal Shrestha,,,2,,,12/16/2019,Admin
167,167,7,Devendra,Tamang,Devendra Tamang,10/21/1993,Jhapa,110,140,113,121,mcDevendra Tamang.jpeg,1,1,,,,12/16/2019,Admin
168,168,7,Yogesh,Gurung,Yogesh Gurung,8/4/1990,Jhapa,110,141,113,121,mcYogesh Gurung.jpeg,1,,,,,12/16/2019,Admin
169,169,7,Biman Prasad,Rai,Biman Prasad Rai,4/27/1996,,110,140,113,121,mc Biman Prasad Rai.jpeg,,,,,,12/16/2019,Admin
170,170,7,Abhishek,Khadgi,Abhishek Khadgi,4/24/1994,,110,140,113,121,mcAbhishek Khadgi.jpeg,,,,,,12/16/2019,Admin
171,171,7,Bijay,Dhakal,Bijay Dhakal,5/21/1997,,110,140,113,121,mcBijay Dhakal.jpeg,,,,,,12/16/2019,Admin
172,172,7,Binaya Man,Rajbanshi,Binaya Man Rajbanshi,5/30/1988,,110,140,113,121,mcBinaya Man Rajbanshi.jpeg,,,,,,12/16/2019,Admin
173,173,7,Dikesh Man,Dangol,Dikesh Man Dangol,8/19/1987,,110,141,113,121,mcDikesh Man Dangol.jpeg,,,,,,12/16/2019,Admin
174,174,7,Kushal,Giri,Kushal Giri,9/14/1994,,110,139,113,121,mcKushalGiri.jpeg,,,,,,12/16/2019,Admin
175,175,7,Lilen,Karanjit,Lilen Karanjit,12/11/1988,,110,141,113,121,mcLilen Karanjit.jpeg,,,,,,12/16/2019,Admin
176,176,7,Manil Ratna,Shahi,Manil Ratna Shahi,3/22/1986,,110,141,113,121,mcManil Ratna Shahi.jpeg,,,,,,12/16/2019,Admin
177,177,7,Nabin,Shrestha,Nabin Shrestha,12/16/1992,,110,141,113,121,mcNabinShrestha.jpeg,,,,,,12/16/2019,Admin
178,178,7,Pradeep,Karki,Pradeep Karki,11/22/1989,,110,142,113,121,mcPradeep Karki.jpeg,,,,,,12/16/2019,Admin
179,179,7,Pramod,Shrestha,Pramod Shrestha,9/5/1987,,110,,113,121,mcPramod Shrestha.jpeg,,,,,,12/16/2019,Admin
180,180,7,Surya,Adhikari,Surya Adhikari,10/21/2001,,110,,113,121,mcSurya Adhikari.jpeg,,,,,,12/16/2019,Admin
181,181,8,Amar,Gurung,Amar Gurung,2/19/1986,,110,140,113,121,mmcAmar Gurung.jpeg,,,,,,12/16/2019,Admin
182,182,8,Karma Tashi ,Gurung,Karma Tashi  Gurung,12/9/1991,,110,,113,121,mmckarma T Gurung.jpeg,,,,,,12/16/2019,Admin
183,183,8,Raj Kumar,Pandit,Raj Kumar Pandit,1/15/2000,,110,140,113,121,mmcRaj Kumar Pandit.jpeg,,,,,,12/16/2019,Admin
184,184,8,Sunny,Gurung,Sunny Gurung,2/26/1986,,110,139,113,121,mmcSunny Gurung.jpeg,,,,,,12/16/2019,Admin
185,185,8,Tashi Namgyal,Gurung,Tashi Namgyal Gurung,4/12/1984,,110,?139,113,121,mmcTashi Namgyal Gurung.jpeg,,,,,,12/16/2019,Admin
186,186,8,Jiwan,Gurung,Jiwan Gurung,2/5/2002,,110,,113,121,mmcJiwan Gurung.jpeg,,,,,,12/16/2019,Admin
187,187,8,Deep,Karki,Deep Karki,1/9/1998,,110,,113,121,mmcDeep Karki.jpeg,,1,,,,12/16/2019,Admin
188,188,8,Ranjan,Bista,Ranjan Bista,11/26/1993,,110,,113,121,mmcRanjan Bista.jpeg,,,,,,12/16/2019,Admin
189,189,8,Aditya,Chaudhary,Aditya Chaudhary,4/19/1996,,110,,113,121,mmcAditya Chaudhary.jpeg,,,,,1,12/16/2019,Admin
190,190,8,Anjan,Bista,Anjan Bista,5/15/1998,,110,,113,121,mmcAnjan Bista.jpeg,,,,,,12/16/2019,Admin
191,191,8,Ashok,Baral,Ashok Baral,4/30/1993,,110,139,113,121,mmcAshok Baral.jpeg,,,,,,12/16/2019,Admin
192,192,8,Bimal,Rana,Bimal Rana,11/5/1993,,110,142,113,121,mmcBimal Rana.jpeg,2,,,,,12/16/2019,Admin
193,193,8,Kamal,Shrestha (Caotain),Kamal Shrestha (Caotain),7/10/1997,,110,140,113,121,mmcKamal Shrestha.jpeg,,,,,,12/16/2019,Admin
194,194,8,Milan,Gurung,Milan Gurung,10/11/1999,,110,140,113,121,mmcMilan Gurung.jpeg,,,,,,12/16/2019,Admin
195,195,8,Suraj,Bishowkarma,Suraj Bishowkarma,8/13/1988,,110,140,113,121,mmcSuraj Bishowkarma.jpeg,,,,,,12/16/2019,Admin
196,196,8,Ashim,Gurung,Ashim Gurung,11/20/2002,,110,141,113,121,mmcAshim Gurung.jpeg,,,,,,12/16/2019,Admin
197,197,8,Sushil,Lama,Sushil Lama,7/1/1993,,110,141,113,121,mmcSushil Lama.jpeg,,,,,,12/16/2019,Admin
198,198,8,Koara Larba Florent,Kone,Koara Larba Florent Kone,4/7/1994,,110,141,120,121,mmcKoara L F Kone.jpeg,,1,,,,12/16/2019,Admin
199,199,8,Ekraj,Budhathoki,Ekraj Budhathoki,3/22/1998,,110,,113,121,mmcEkraj Budhathoki.jpeg,,,,1,,12/16/2019,Admin
200,200,8,Bijaya,Gurung,Bijaya Gurung,2/7/1999,,110,,113,121,mmcBijaya Gurung.jpeg,,,,,,12/16/2019,Admin
201,201,8,Umesh,Rai,Umesh Rai,9/30/1996,,110,141,113,121,mmcUmesh Rai.jpeg,,,,,,12/16/2019,Admin
202,202,8,Dayananda Singh,Elangbam,Dayananda Singh Elangbam,2/27/1996,,110,141,114,121,mmcDayananda S Elangbam.jpeg,1,,,,,12/16/2019,Admin
203,203,8,Pujan,Uperkoti,Pujan Uperkoti,5/9/1996,,110,141,113,121,mmcPujan Uperkoti.jpeg,,,,,1,12/16/2019,Admin
204,204,8,Vidal Luis,Chissano,Vidal Luis Chissano,12/2/1997,,110,140,120,121,mmcVidal L Chissano.jpeg,,,,,,12/16/2019,Admin
205,205,8,Jagajeet,Shrestha,Jagajeet Shrestha,7/6/1992,,110,141,113,121,mmcJagajeet Shrestha.jpeg,1,1,,,,12/16/2019,Admin
206,206,8,Femi Joshua,Adewumi,Femi Joshua Adewumi,9/3/1994,,110,142,113,121,mmcFemi J Adewumi.jpeg,,,,,,12/16/2019,Admin
207,207,9,Kapil,Dhakal,Kapil Dhakal,10/27/1992,,110,,113,121,npcKapil Dhakal.jpeg,,,,,,12/16/2019,Admin
208,208,9,Ajit,Bhandari,Ajit Bhandari,2/7/1994,,110,141,113,121,npcAjit Bhandari.jpeg,,,,,,12/16/2019,Admin
209,209,9,Bhola Nath,Silwal,Bhola Nath Silwal,1/4/1987,,110,,113,121,npcBhola N Silwal.jpeg,,,,,,12/16/2019,Admin
210,210,9,Ravi Shankar,Paswan,Ravi Shankar Paswan,6/18/1993,,110,142,113,121,npcRavi S Paswan.jpeg,,,,,,12/16/2019,Admin
211,211,9,Roshan,Khadka,Roshan Khadka,11/10/1992,,110,,113,121,npcRoshan Khadka.jpeg,,,,,,12/16/2019,Admin
212,212,9,Anjan,Rai,Anjan Rai,12/15/1994,,110,140,113,121,npcAnjan Rai.jepg,,,,,,12/16/2019,Admin
213,213,9,Bikash,Rai,Bikash Rai,5/29/1993,,110,141,113,121,npcBikash Rai.jepg,,,,,,12/16/2019,Admin
214,214,9,Buddha,Tamang,Buddha Tamang,6/15/1991,,110,142,113,121,npcBuddha Tamang.jepg,,,,,,12/16/2019,Admin
215,215,9,Hem,Tamang,Hem Tamang,9/5/1993,,110,141,113,121,npcHem Tamang.jepg,,,,,1,12/16/2019,Admin
216,216,9,Hemanta,Shrestha,Hemanta Shrestha,8/28/1995,,110,141,113,121,npcHemanta Shrestha.jpeg,,,,,,12/16/2019,Admin
217,217,9,Man,Bahadur Pariyar,Man Bahadur Pariyar,8/8/1991,,110,140,113,121,npcMan B pariyar.jpeg,,,,,,12/16/2019,Admin
218,218,9,Nir Kumar,Rai,Nir Kumar Rai,12/5/1991,,110,142,113,121,npcNir K Rai.jpeg,,,,,,12/16/2019,Admin
219,219,9,Santosh,Hemrun,Santosh Hemrun,1/23/1994,,110,140,113,121,npcSANTOSH HEMRUM.jpeg,,,,,,12/16/2019,Admin
220,220,9,Shatrudhan,Kumar Chaudhary,Shatrudhan Kumar Chaudhary,9/16/1993,,110,139,113,121,npcShatrudhan K Chaudhary.jpeg,,1,,,,12/16/2019,Admin
221,221,9,Suman,Lama,Suman Lama,6/17/1995,,110,142,113,121,npcSuman Lama.jpeg,,,,,,12/16/2019,Admin
222,222,9,Tej,Tamang,Tej Tamang,2/14/1998,,110,141,113,121,npcTej Tamang.jpeg,,,,,,12/16/2019,Admin
223,223,9,Bharat,Shah,Bharat Shah,8/31/1991,,110,142,113,121,npcBharat Shah.jpeg,,,,,,12/16/2019,Admin
224,224,9,Ju Manu,Rai,Ju Manu Rai,1/29/1984,,110,142,113,121,npcJu M Rai.jpeg,,,,,,12/16/2019,Admin
225,225,9,Buddha Bal,Tamang,Buddha Bal Tamang,8/9/2000,,110,141,113,121,npcBuddha Bal Tamang .jpeg,,,,,,12/16/2019,Admin
226,226,9,Tirtha,Bahadur Rana,Tirtha Bahadur Rana,12/1/1995,,110,,113,121,npcTIRTHA B RANA.jpeg,,,,,,12/16/2019,Admin
227,227,9,Prabesh,Kunwar,Prabesh Kunwar,11/27/1996,,110,141,113,121,npcPrabesh Kunwar .jpeg,,,,,,12/16/2019,Admin
228,228,9,Soujan,Rai,Soujan Rai,12/2/1995,,110,141,113,121,npcSoujan Rai.jpeg,,,,,,12/16/2019,Admin
229,229,9,Ram Chandra,Wajee,Ram Chandra Wajee,6/30/1997,,110,142,113,121,npcRam C Wajee.jpeg,,,,,,12/16/2019,Admin
230,230,9,Bishal,Basnet,Bishal Basnet,11/10/1998,,110,141,113,121,npcBishal Basnet.jpeg,,,,,,12/16/2019,Admin
231,231,10,Nabin,Gurung,Nabin Gurung,3/8/2002,,110,140,113,121,nrtNabin Gurung,,,,,,12/16/2019,Admin
232,232,10,Sanam,Sodemba Limbu,Sanam Sodemba Limbu,1/28/2002,,110,140,113,121,nrtSanam Limbu,,,,,,12/16/2019,Admin
233,233,10,Sujan,Sharma Dhital,Sujan Sharma Dhital,1/24/2002,,110,140,113,121,nrtSujan S Dhital,,,,,,12/16/2019,Admin
234,234,10,Kritish Ratna,Chhunju,Kritish Ratna Chhunju,4/11/2003,,110,141,113,121,nrtKritish R Chhunju,,,,,,12/16/2019,Admin
235,235,10,Bikram,Dhimal,Bikram Dhimal,2/20/1990,Morang,110,140,113,121,nrtBikramDhimal,,,,,,12/16/2019,Admin
236,236,10,Ajit,Prajapati,Ajit Prajapati,10/27/1993,Kathmandu,110,139,113,121,nrtAjit Prajapati,,1,,,,12/16/2019,Admin
237,237,10,Anil,Dhami,Anil Dhami,11/8/1992,,110,140,113,121,nrtAnilDhami,,,,,,12/16/2019,Admin
238,238,10,Ashok,Thapa,Ashok Thapa,3/2/1998,,110,141,113,121,nrtAshokThapa,,,,,,12/16/2019,Admin
239,239,10,Rajesh,Pariyar,Rajesh Pariyar,1/29/2000,,110,142,113,121,nrtRajeshPariyar,,,,,,12/16/2019,Admin
240,240,10,Rujit,Pudasaini,Rujit Pudasaini,3/4/2001,,110,141,113,121,nrtRujit Pudasaini,,,,,,12/16/2019,Admin
241,241,10,Sakal,Regmi,Sakal Regmi,9/19/1995,,110,140,113,121,nrtSakal Regmi.jpeg,,,,,,12/16/2019,Admin
242,242,10,Sanjip,Shrestha,Sanjip Shrestha,10/8/1999,,110,140,113,121,nrtSanjip Shrestha.jpeg,,,,,,12/16/2019,Admin
243,243,10,Saroj,Tamang,Saroj Tamang,10/8/1999,,110,140,113,121,nrtSaroj Tamang.jpeg,2,,,,,12/16/2019,Admin
244,244,10,Man Kumar,Rai,Man Kumar Rai,9/27/2002,,110,141,113,121,nrtManKRai.jpeg,,,,,,12/16/2019,Admin
245,245,10,Tapan,Karki,Tapan Karki,11/11/1996,,110,142,113,121,nrtTapan Karki.jpeg,,,,,,12/16/2019,Admin
246,246,10,Darshan,Gurung,Darshan Gurung,4/9/2002,,110,141,113,121,nrtDarshan Gurung.jpeg,1,,,,,12/16/2019,Admin
247,247,10,Pujan,Hona,Pujan Hona,5/20/2002,,110,139,113,121,nrtPujanHona.jpeg,,,,,,12/16/2019,Admin
248,248,10,Kashim,Rai,Kashim Rai,11/8/1999,,110,141,113,121,nrtKashim Rai.jpeg,,,,,,12/16/2019,Admin
249,249,10,Andre Thierry,Biyik Biyik,Andre Thierry Biyik Biyik,7/6/1993,,110,140,113,121,nrtBiyik.jpg,,,,,1,12/16/2019,Admin
250,250,10,Junior,Onguene Nkengue,Junior Onguene Nkengue,12/27/1997,,110,141,120,121,nrtJunior .jpeg,2,,,,,12/16/2019,Admin
251,251,10,Jordan Junior,Ndemba Owona,Jordan Junior Ndemba Owona,12/27/1997,,110,142,120,121,nrtJunior.jpg,1,,,1,1,12/16/2019,Admin
252,252,10,Arik,Bista,Arik Bista,3/17/2000,,110,141,113,121,nrtArik Bista.jpg,,1,,,,12/16/2019,Admin
253,253,10,Prakash,Budhathoki(Captain),Prakash Budhathoki(Captain),5/21/1993,,110,141,113,121,nrtPrakash Budathoki.jpeg,,,,,,12/16/2019,Admin
254,254,11,Rohit,Karki,Rohit Karki,12/22/2002,,110,,113,121,scRohit Karki.jpeg,,,,,,12/16/2019,Admin
255,255,11,Saurab,Karki,Saurab Karki,11/16/1993,,110,141,113,121,scSaurab Karki.jpeg,,,,,,12/16/2019,Admin
256,256,11,Karna Bahadur,Subba,Karna Bahadur Subba,4/23/1985,,110,142,113,121,scKarna B Subba.jpeg,,,,,,12/16/2019,Admin
257,257,11,Manish,Ghale,Manish Ghale,2/19/1991,,110,140,113,121,scManish Ghalejpeg,,,,,,12/16/2019,Admin
258,258,11,Binaya,Shrestha,Binaya Shrestha,11/9/1990,,110,139,113,121,scBinaya Shrestha.jpeg,,1,,,,12/16/2019,Admin
259,259,11,Bishal,Shahi,Bishal Shahi,1/31/2002,,110,,113,121,scBishal Shahi.jpeg,,,,,,12/16/2019,Admin
260,260,11,Rajendra,Rawal,Rajendra Rawal,6/28/1986,,110,141,113,121,scRajendra Rawal.jpeg,,,,,,12/16/2019,Admin
261,261,11,Ajayi Martins,Kayode,Ajayi Martins Kayode,10/14/1993,,110,142,120,121,scAjayi M Kayode.jpeg,,,,,,12/16/2019,Admin
262,262,11,Bishnu,Bahadur Sunar,Bishnu Bahadur Sunar,12/31/1979,,110,,113,121,scBishnu B Sunar.jpeg,,,,,1,12/16/2019,Admin
263,263,11,Ravi,Silwal,Ravi Silwal,1/28/1990,,110,,113,121,scRavi Silwal.jpeg,,,,,,12/16/2019,Admin
264,264,11,Janak,Koirala,Janak Koirala,1/23/1998,,110,,113,121,scJanak Koirala.jpeg,,,,,,12/16/2019,Admin
265,265,11,Samir,Rai,Samir Rai,1/9/1995,,110,,113,121,scSamir Rai.jpeg,,,,,,12/16/2019,Admin
266,266,11,Laxman,Gurung,Laxman Gurung,7/13/1991,,110,,113,121,scLaxman Gurung.jpeg,,,,,,12/16/2019,Admin
267,267,11,Tikaraj,Gurung,Tikaraj Gurung,9/26/2001,,110,142,113,121,scTikaraj Gurung.jpeg,,,,,,12/16/2019,Admin
268,268,11,Amit,Tamang,Amit Tamang,1/17/1998,,110,,113,121,scAmit Tamang.jpeg,,1,,,,12/16/2019,Admin
269,269,11,Ernest,tampi,Ernest tampi,5/26/1992,,110,,120,121,scErnest tampi.jpeg,,,,,1,12/16/2019,Admin
270,270,11,Raja Babu,Thapa,Raja Babu Thapa,8/6/1994,,110,139,113,121,scRaja B Thapa.jpeg,,,,,,12/16/2019,Admin
271,271,11,Roman,Limbu,Roman Limbu,3/23/2000,,110,140,113,121,scRoman Limbu.jpeg,,,,,,12/16/2019,Admin
272,272,11,Roshan,Pahari,Roshan Pahari,9/13/1999,,110,141,113,121,scRoshan Pahari.jpeg,,,,,,12/16/2019,Admin
273,273,11,Dipesh,Ale Magar,Dipesh Ale Magar,1/14/2001,,110,142,113,121,scDipesh A Magar.jpeg,1,,,,,12/16/2019,Admin
274,274,11,Laxman,Ruchal (Captain),Laxman Ruchal (Captain),4/10/1990,,110,142,113,121,scLaxman Ruchal.jpeg,1,,,1,,12/16/2019,Admin
275,275,11,Messouke Etiegnie Oloumou,Pierre Jean Marie,Messouke Etiegnie Oloumou Pierre Jean Marie,2/20/1998,,110,142,120,121,scMessouke E O P J Marie.jpeg,,,,,1,12/16/2019,Admin
276,276,11,Pratap,Bajracharya,Pratap Bajracharya,11/1/1995,,110,141,113,121,scPratap Bajracharya.jpeg,,,,,,12/16/2019,Admin
277,277,11,Rahul,Khadgi,Rahul Khadgi,6/3/1999,,110,142,113,121,scRahul Khadgi.jpeg,,,,,,12/16/2019,Admin
278,278,11,Saroj,Dahal,Saroj Dahal,5/8/1990,,110,140,113,121,scSaroj Dahal.jpeg,,,,,,12/16/2019,Admin
279,279,11,Suvash,Gurung,Suvash Gurung,9/7/1991,,110,141,113,121,scSuvash Gurung.jpeg,,,,,,12/16/2019,Admin
280,280,11,Kshitiz Raj,G.T.,Kshitiz Raj G.T.,1/30/2000,,110,142,113,121,scKshitiz Raj G.T.jpeg,,,,,,12/16/2019,Admin
281,281,11,Ajay,Maharjan,Ajay Maharjan,5/3/1989,,110,139,113,121,scAjay Maharjan.jpeg,,,,,,12/16/2019,Admin
282,282,12,Sabin,Khadka,Sabin Khadka,10/13/1994,,110,,113,121,sycSabin Khadka.jpeg,,,,,,12/16/2019,Admin
283,283,12,Raj,Shahi,Raj Shahi,5/4/1988,,110,140,113,121,sycRaj Shahi.jpeg,,,,,,12/16/2019,Admin
284,284,12,Dipesh,Shrestha,Dipesh Shrestha,12/4/1992,,110,141,113,121,sycDipesh Shrestha.jpeg,,,,,,12/16/2019,Admin
285,285,12,Krishna Gopal,Shrestha,Krishna Gopal Shrestha,6/26/1990,,110,142,113,121,sycKrishna Gopal Shrestha.jpeg,,,,,,12/16/2019,Admin
286,286,12,Anish,Shrestha,Anish Shrestha,7/16/1993,,110,,113,121,sycAnish Shrestha.jpeg,,,,,,12/16/2019,Admin
287,287,12,Pradip,Bhandari,Pradip Bhandari,8/13/1997,,110,139,113,121,sycPradip Bhandari.jpeg,,,2,,,12/16/2019,Admin
288,288,12,Tirtha Bahadur,Basnet,Tirtha Bahadur Basnet,4/13/1992,,110,142,113,121,sycTirtha Bahadur Basnet.jpeg,,,,,,12/16/2019,Admin
289,289,12,Susan,Lama,Susan Lama,3/12/1989,,110,140,113,121,sycSusan Lama.jpeg,,,,,,12/16/2019,Admin
290,290,12, Ramesh,Tamang, Ramesh Tamang,3/1/1992,,110,140,113,121,sycRamesh Tamang.jpeg,,,,,,12/16/2019,Admin
291,291,12,Binod,KC,Binod KC,9/25/1992,,110,140,113,121,sycBinod KC.jpeg,,,,,,12/16/2019,Admin
292,292,12,Deepak,Gupta,Deepak Gupta,5/11/1996,,110,142,113,121,sycDeepak Gupta.jpeg,,,,,,12/16/2019,Admin
293,293,12,Krishna,Rana bhat,Krishna Rana bhat,1/2/1996,,110,140,113,121,sycKrishna Rana bhat.jpeg,,,,,,12/16/2019,Admin
294,294,12,Rajkumar,Ghising,Rajkumar Ghising,7/12/1981,,110,142,113,121,sycRajkumar Ghising.jpeg,,,,,,12/16/2019,Admin
295,295,12,Alik,Rumba,Alik Rumba,4/27/1997,,110,,113,121,sycAlik Rumba.jpeg,,,,,,12/16/2019,Admin
296,296,12,Sandesh,Neupane,Sandesh Neupane,12/8/2000,,110,,113,121,sycSandesh Neupane.jpeg,,,,,,12/16/2019,Admin
297,297,12,Barsat,Gurung,Barsat Gurung,9/18/1981,,110,141,113,121,sycBarsat Gurung.jpeg,,,,,,12/16/2019,Admin
298,298,12,Mbei,Andre Ekwem,Mbei Andre Ekwem,9/11/1998,,110,,120,121,sycMbei Andre Ekwem.jpeg,,,,,,12/16/2019,Admin
299,299,12,Manish,Thapa,Manish Thapa,2/1/2002,,110,141,113,121,sycManish Thapa.jpeg,,1,,,,12/16/2019,Admin
300,300,12,Purna,Bahadur Shrestha,Purna Bahadur Shrestha,1/24/2001,,110,140,113,121,sycPurna Bahadur Shrestha.jpeg,,,,,,12/16/2019,Admin
301,301,12,Santa,Bahadur Gurung,Santa Bahadur Gurung,6/1/1998,,110,,113,121,sycSanta Bahadur Gurung.jpeg,,,,,,12/16/2019,Admin
302,302,12,Nishan,Majhi,Nishan Majhi,3/2/2000,,110,,113,121,sycNishan Majhi.jpeg,,,,,,12/16/2019,Admin
303,303,12,Meshack Abel,Mwankina,Meshack Abel Mwankina,10/12/1987,,110,,120,121,sycMeshack Abel Mwankina.jpeg,,,,,,12/16/2019,Admin
304,304,12,Hisub,Thapaliya,Hisub Thapaliya,1/16/1999,,110,141,113,121,sycHisub Thapaliya.jpeg,,,,,,12/16/2019,Admin
305,305,12,Sunil,Ghalan,Sunil Ghalan,3/26/2000,,110,140,113,121,sycSunil Ghalan.jpeg,,,,,,12/16/2019,Admin
306,306,12,Deepak,Bhusal,Deepak Bhusal,1/6/1992,,110,140,113,121,sycDeepak Bhusal.jpeg,,,,,1,12/16/2019,Admin
307,307,12,Bishnu Kumar,K.C.,Bishnu Kumar K.C.,11/8/2000,,110,139,113,121,sycBishnu Kumar K.C..jpeg,,,,,,12/16/2019,Admin
308,308,13,Mikchhen,Tamang,Mikchhen Tamang,7/28/1998,Morang,110,141,113,121,tscMikchhenTamang,,,,,,12/16/2019,Admin
309,309,13,Rupesh,KC,Rupesh KC,5/13/1991,Nuwakot,110,141,113,121,tscRupresh Kc,,,,,1,12/16/2019,Admin
310,310,13,Purna,Chemjong,Purna Chemjong,6/29/1991,Morang,110,139,113,121,tscPurna Chemjong,,,,,,12/16/2019,Admin
311,311,13,Susaan,Shrestha,Susaan Shrestha,2/28/2000,Kathmandu,110,142,113,121,tscSusan Shrestha,,,,,,12/16/2019,Admin
312,312,13,Jeevan,Gurung,Jeevan Gurung,10/4/1997,Syanja,110,140,113,121,tscJeevan Gurung,,,,,,12/16/2019,Admin
313,313,13,Dipesh,Ghale,Dipesh Ghale,12/6/1998,Makwanpur,110,141,113,121,tscDpesh Ghale,,,,,,12/16/2019,Admin
314,314,13,Sushil,Rai,Sushil Rai,5/23/1993,Morang,110,142,113,121,tscSushil Rai,1,,,,,12/16/2019,Admin
315,315,13,Ananta,Tamang,Ananta Tamang,1/14/1998,Jhapa,110,140,113,121,tscAnanta Tamang,,,,,,12/16/2019,Admin
316,316,13,Ashok,Khawas,Ashok Khawas,3/14/1996,Morang,110,140,113,121,tscAshok Khawas,,,,,,12/16/2019,Admin
317,317,13,Karan,Rawat,Karan Rawat,6/6/2000,Sunsari,110,140,113,121,tscKaran Rawat,,,,,,12/16/2019,Admin
318,318,13,Bijay,Shrestha,Bijay Shrestha,3/23/2003,Sindhuli,110,141,113,121,tscBijay Shrestha,,,,,,12/16/2019,Admin
319,319,13,Bijaya,Bhujel,Bijaya Bhujel,10/31/1996,Bhojpur,110,142,113,121,tscBijaya Bhujel,,,,,,12/16/2019,Admin
320,320,13,Sushan,Shrestha,Sushan Shrestha,5/19/1996,Bhaktapur,110,142,113,121,tscSushan Shrestha,,1,,,,12/16/2019,Admin
321,321,13,Yogesh,Gurung,Yogesh Gurung,3/17/2002,Kaski,110,141,113,121,tscYogesh Gurung,,,,,,12/16/2019,Admin
322,322,13,Bikram,Lama(Captain),Bikram Lama(Captain),2/23/1989,Kavrepalanchowk,110,141,113,121,tscBikramLama,,,,,1,12/16/2019,Admin
323,323,13,Nirajan,Maharjan,Nirajan Maharjan,1/17/2002,Lalipur,110,140,113,121,tscNirajan Maharjan,,,,,,12/16/2019,Admin
324,324,13,Prabin Kumar,Sainju,Prabin Kumar Sainju,1/17/1991,Pokhara,110,141,113,121,tscPrabin Kumar Sainju,,,,,,12/16/2019,Admin
325,325,13,Guillaume Yves,Priso Njanga,Guillaume Yves Priso Njanga,1/21/1991,,110,139,120,121,tscPrinso,,,1,,,12/16/2019,Admin
326,326,13,Aliu Oladiran,Erinoso,Aliu Oladiran Erinoso,12/31/1992,,110,141,120,121,tscErinoso,,,,,,12/16/2019,Admin
327,327,13,Wasiu Olalekan,Hamzat,Wasiu Olalekan Hamzat,3/2/1992,,110,142,120,121,tscHazmat,,,,,,12/16/2019,Admin
328,328,13,Managya,Nakarmi,Managya Nakarmi,3/23/2004,Kathmandu,110,141,113,121,tscManagya Nakarmi,,,,,,12/16/2019,Admin
329,329,13,Ranjan,Pun,Ranjan Pun,10/28/2002,Nawalparasi,110,142,113,121,tscRanjan Pun,,,,,,12/16/2019,Admin
330,330,14,Bharat,Khawas (Captain),Bharat Khawas (Captain),10/29/1991,,110,142,113,121,tacBharat Khawas.jpeg,1,,,,,12/16/2019,Admin
331,331,14,Nawayug,Shrestha,Nawayug Shrestha,6/8/1990,,110,142,113,121,tacNawayug Shrestha.jpeg,1,,,,,12/16/2019,Admin
332,332,14,Santosh,Tamang,Santosh Tamang,8/6/1994,,110,140,113,121,tacSantosh Tamang.jpeg,,,,,,12/16/2019,Admin
333,333,14,Jitendra,Karki,Jitendra Karki,8/26/1987,,110,,113,121,tacJitendra Karki.jpeg,,,,,,12/16/2019,Admin
334,334,14,Tanka Bahadur,Basnet,Tanka Bahadur Basnet,12/12/1987,,110,,113,121,tacTanka B Basnet.jpeg,,,,,,12/16/2019,Admin
335,335,14,Bikash,Khawas,Bikash Khawas,7/29/2001,,110,,113,121,tacBikash Khawas.jpeg,,,,,1,12/16/2019,Admin
336,336,14,Bimal,Pandey,Bimal Pandey,1/21/1990,,110,,113,121,tacBimal Pandey.jpeg,,,,,,12/16/2019,Admin
337,337,14,Bikash,Tamang,Bikash Tamang,1/27/1994,,110,,113,121,tacBikash Tamang.jpeg,,,,,1,12/16/2019,Admin
338,338,14,Bibek,Basnet,Bibek Basnet,1/11/1996,,110,,113,121,tacBIbek Basnet.jpeg,,,,,,12/16/2019,Admin
339,339,14,Dipak,Gurung,Dipak Gurung,10/3/1991,,110,,113,121,tacDipak Gurung.jpeg,,,,,,12/16/2019,Admin
340,340,14,Suman,Aryal,Suman Aryal,1/31/2000,,110,,113,121,tacSuman Aryal.jpeg,,,,1,,12/16/2019,Admin
341,341,14,Bikesh,Kuthu,Bikesh Kuthu,6/24/1993,,110,139,113,121,tacBikesh Kuthu.jpeg,,,2,,,12/16/2019,Admin
342,342,14,Biwas,Chaudhary,Biwas Chaudhary,2/16/2001,,110,,113,121,tacBiwas Chaudhary.jpeg,,,,,,12/16/2019,Admin
343,343,14,Tek Bahadur,Budhathoki,Tek Bahadur Budhathoki,7/21/1986,,110,,113,121,tacTek B Budhathoki.jpeg,1,,,,,12/16/2019,Admin
344,344,14,Youddha,Shahi,Youddha Shahi,9/1/1985,,110,140,113,121,tacYouddha Shahi.jpeg,,,,,,12/16/2019,Admin
345,345,14,Sudil,Rai,Sudil Rai,6/18/1995,,110,142,113,121,tacSudil Rai.jpeg,,,,,,12/16/2019,Admin
346,346,14,Ashish,Shakya,Ashish Shakya,7/26/1992,,110,141,113,121,tacAshish Shakya.jpeg,,,,,,12/16/2019,Admin
347,347,14,Dinesh,Henjan,Dinesh Henjan,2/3/2001,,110,,113,121,tacDinesh Henjan.jpeg,1,,,,2,12/16/2019,Admin
348,348,14,Sesehang,Angdembe,Sesehang Angdembe,11/3/2000,,110,,113,121,tacSesehang Angdembe.jpeg,,,,,1,12/16/2019,Admin
349,349,14,George prince,Karki,George prince Karki,10/26/1993,,110,142,113,121,tacGeorge P Karki.jpeg,,,,,,12/16/2019,Admin
350,350,14,Gandip Kumar,Khadka,Gandip Kumar Khadka,8/24/1991,,110,139,113,121,tacGandip K Khadka.jpeg,,,,,,12/16/2019,Admin
351,351,14,Sushant,chaudhary,Sushant chaudhary,12/14/1999,,110,142,113,121,tacSushant Chaudhary.jpeg,,,,,,12/16/2019,Admin
352,352,14,Ramesh,Bhujal,Ramesh Bhujal,11/9/1994,,110,141,113,121,tacRamesh Bhujal.jpeg,,,,,,12/16/2019,Admin
353,353,14,Amrit,Basnet,Amrit Basnet,12/19/1986,,110,142,113,121,tacAmrit Basnet.jpeg,,,,,,12/16/2019,Admin
354,354,14,Amrit,khawas,Amrit khawas,4/13/1985,,110,140,113,121,tacAmrit Khawas.jpeg,,,,,,12/16/2019,Admin
355,355,14,Ishwor,Baniya,Ishwor Baniya,1/1/1996,,110,140,113,121,tacIshwor Baniya.jpeg,,,,,,12/16/2019,Admin
356,356,14,Rajeev,Gurung,Rajeev Gurung,10/9/1990,,110,142,113,121,tacRajeev Gurung.jpeg,,,,,,12/16/2019,Admin
357,357,14,Anish,Shrestha,Anish Shrestha,10/1/1995,,110,139,113,121,tacAnish Shrestha.jpeg,,,,,,12/16/2019,Admin
